artifact_id,name,zone_id,gallery,floor,era_id,period,category,material,interest_tags,popularity,view_minutes,kid_friendly,crowd_level,step_free_access,description,keywords,image_url,image_file,source_tier,app_image_asset
A001,Hanging Obelisk of Ramesses II,ENTRANCE,Main Entrance & Hanging Obelisk,0,new_kingdom,"19th Dynasty, c. 1279-1213 BC",Monument,Granite,architecture;royalty;religion_gods,8,6,0.6,0.72,1,"The world's first hanging obelisk, relocated from Tanis to the museum entrance. Visitors can stand beneath it and look up to see the king's cartouches carved on the hidden base of the monument.",architecture;granite;monument;religion_gods;royalty,,data/images/A001.jpg,confirmed_web,
A002,Colossal Statue of Ramesses II,GRAND_HALL,Grand Hall (Ramesses II Colossus),0,new_kingdom,"19th Dynasty, c. 1279-1213 BC",Statue,Red granite,royalty;art_statues;architecture,10,8,0.9,1.0,1,"An 11 m, 83-ton red granite colossus of Ramesses II that greets visitors in the Grand Hall. Rediscovered at Memphis in 1820, it is one of the largest royal statues surviving from ancient Egypt.",architecture;art_statues;red;royalty;statue,,data/images/A002.jpg,confirmed_web,assets/images/ramses_statue.png
A003,Column of King Merenptah,GRAND_HALL,Grand Hall (Ramesses II Colossus),0,new_kingdom,"19th Dynasty, c. 1213-1203 BC",Monument,Granite,architecture;royalty;writing_literature,5,3,0.3,0.35,1,"A monumental granite column inscribed with royal names and titles of Merenptah, son and successor of Ramesses II, standing in the Grand Hall beside the colossus.",architecture;granite;monument;royalty;writing_literature,,data/images/A003.jpg,confirmed_web,
A004,Ptolemaic Royal Statue (pair) in the Grand Hall,GRAND_HALL,Grand Hall (Ramesses II Colossus),0,late_greco_roman,Ptolemaic Period,Statue,Granite,royalty;art_statues,5,3,0.4,0.35,1,Two large Ptolemaic statues in the atrium show how Greek-era rulers presented themselves in traditional Egyptian royal style as pharaohs.,art_statues;granite;royalty;statue,,data/images/A004.jpg,confirmed_web,
A005,Royal Statue Group - Royal Image Landing,GS_0,Grand Staircase - Royal Image,0,middle_kingdom,12th-13th Dynasty,Statue,Granite,royalty;art_statues,6,4,0.5,0.46,1,"Lowest landing of the staircase: royal statuary that shows how kings used monumental portraits to express power, divinity and the ideal of kingship.",art_statues;granite;royalty;statue,,data/images/A005.jpg,confirmed_web,
A006,Colossal Statue of Senwosret I,GS_0,Grand Staircase - Royal Image,0,middle_kingdom,"12th Dynasty, c. 1971-1926 BC",Statue,Granite,royalty;art_statues;religion_gods,7,4,0.5,0.59,1,"A colossal granite statue of Senwosret I from the temple of Karnak, a masterpiece of Middle Kingdom royal sculpture with a calm idealised face.",art_statues;granite;religion_gods;royalty;statue,,data/images/A006.jpg,confirmed_web,
A007,Shrine Elements Dedicated to the Gods,GS_1,Grand Staircase - Divine Houses,1,new_kingdom,18th-19th Dynasty,Architecture,Stone,architecture;religion_gods,5,4,0.3,0.35,1,"Carved doorways, naoi and temple elements dedicated by kings to the gods, displayed as 'Divine Houses' along the staircase to show how temples housed the divine.",architecture;religion_gods;stone,,data/images/A007.jpg,confirmed_web,
A008,Statue of a God Presented by a King,GS_2,Grand Staircase - Gods & Kings,2,new_kingdom,18th Dynasty,Statue,Granite,religion_gods;royalty;art_statues,6,4,0.5,0.46,1,Divine and royal statues side by side in the 'Gods & Kings' section illustrate the relationship between the pharaoh and the deities who legitimised his rule.,art_statues;granite;religion_gods;royalty;statue,,data/images/A008.jpg,confirmed_web,
A009,King List of the Subsidiary Staircase,GS_2,Grand Staircase - Gods & Kings,2,new_kingdom,New Kingdom,Inscription,Stone,writing_literature;royalty,6,5,0.3,0.46,1,"A remarkable king list with a large informational panel on the side staircase, naming rulers in order and showing how Egyptians recorded their own history.",inscription;royalty;stone;writing_literature,,data/images/A009.jpg,confirmed_web,
A010,Statue of Senwosret I (Side Staircase),GS_2,Grand Staircase - Gods & Kings,2,middle_kingdom,12th Dynasty,Statue,Stone,royalty;art_statues,5,3,0.4,0.35,1,"Statues of Senwosret I stand beside the king list on the side staircase, representing the founder-like image of a powerful Middle Kingdom ruler.",art_statues;royalty;statue;stone,,data/images/A010.jpg,confirmed_web,
A011,Head of Akhenaten,GS_3,Grand Staircase - Journey to Eternity,3,new_kingdom,"18th Dynasty, Amarna Period, c. 1353-1336 BC",Statue,Stone,royalty;art_statues;religion_gods,8,4,0.5,0.72,1,"A stone head of Akhenaten placed across the stairs from the other kings, suggesting a pharaoh apart. Its elongated features show the radical Amarna art style of the sun-worshipping king.",art_statues;religion_gods;royalty;statue;stone,,data/images/A011.jpg,confirmed_web,
A012,Restoration Stela of Tutankhamun,GS_3,Grand Staircase - Journey to Eternity,3,tutankhamun,"18th Dynasty, c. 1332-1323 BC",Stela,Stone,religion_gods;royalty;writing_literature,8,5,0.4,0.72,1,"The Restoration Stela, flanked by two statues of the king, records how Tutankhamun restored the traditional gods and temples after the Amarna upheaval and links the staircase to the Tutankhamun galleries.",religion_gods;royalty;stela;stone;writing_literature,,data/images/A012.jpg,confirmed_web,
A013,Funerary Monument - Journey to Eternity,GS_3,Grand Staircase - Journey to Eternity,3,new_kingdom,New Kingdom,Funerary,Stone,mummies_afterlife;architecture,5,3,0.3,0.35,1,"Monuments in the 'Journey to Eternity' section illustrate beliefs about death, burial and rebirth carved onto stone coffins, stelae and tomb architecture.",architecture;funerary;mummies_afterlife;stone,,data/images/A013.jpg,confirmed_web,
A014,Pyramid Panorama Window,GS_TOP,Grand Staircase Top & Pyramid Panorama,4,old_kingdom,Old Kingdom (view of Giza),Viewpoint,Glass,architecture;discovery_archaeology,9,6,1.0,0.85,1,"A floor-to-ceiling window at the top of the Grand Staircase frames a panoramic view of the Giza pyramids, linking the museum to the monuments of Khufu, Khafre and Menkaure.",architecture;discovery_archaeology;glass;viewpoint,,data/images/A014.jpg,confirmed_web,
A015,Solar Boat of Khufu,BOATS,Khufu's Boats Museum,0,old_kingdom,"4th Dynasty, c. 2500 BC",Boat,Cedar wood,ships_transport;royalty;mummies_afterlife;religion_gods,10,15,0.9,1.0,1,"A 43 m cedar boat found in a pit beside the Great Pyramid, believed to carry King Khufu with the sun god Ra in the afterlife. It is the oldest and largest wooden boat discovered in Egypt.",boat;cedar;mummies_afterlife;religion_gods;royalty;ships_transport,,data/images/A015.jpg,confirmed_web,
A016,Second Solar Boat of Khufu (under conservation),BOATS,Khufu's Boats Museum,0,old_kingdom,"4th Dynasty, c. 2500 BC",Boat,Cedar wood,ships_transport;discovery_archaeology;royalty,7,8,0.7,0.59,1,"The second boat from the sealed pits at Giza is still being studied and restored, and visitors can watch conservators at work.",boat;cedar;discovery_archaeology;royalty;ships_transport,,data/images/A016.jpg,confirmed_web,
A017,Khufu Boat Rope and Reed Mat Fragments,BOATS,Khufu's Boats Museum,0,old_kingdom,4th Dynasty,Boat part,Reed and rope,ships_transport;discovery_archaeology;daily_life,3,2,0.4,0.16,1,"Ropes, mats and tools found with the boats show how ancient shipwrights assembled the vessel without nails.",boat part;daily_life;discovery_archaeology;reed;ships_transport,,data/images/A017.jpg,representative,
A018,Predynastic Painted Pottery Vessel,G01,Gallery 1 - Early Society,4,prehistoric_early,"Naqada II, c. 3500-3200 BC",Pottery,Clay,daily_life;art_statues,4,2,0.5,0.25,1,"Buff clay vessels painted with boats, animals and spirals show the settled farming communities of the Nile Valley before the first pharaohs.",art_statues;clay;daily_life;pottery,,data/images/A018.jpg,representative,
A019,Flint Knife with Ripple Flaking,G01,Gallery 1 - Early Society,4,prehistoric_early,Predynastic,Tool,Flint,daily_life;war_weapons,4,2,0.5,0.25,1,A beautifully flaked flint blade shows the craft of Predynastic stone workers and the early development of prestige weapons.,daily_life;flint;tool;war_weapons,,data/images/A019.jpg,representative,
A020,Palette for Grinding Eye Paint,G01,Gallery 1 - Early Society,4,prehistoric_early,Predynastic,Tool,Siltstone,daily_life;art_statues,4,2,0.5,0.25,1,Slate palettes used to grind malachite for eye makeup became carved ceremonial objects as society grew more hierarchical.,art_statues;daily_life;siltstone;tool,,data/images/A020.jpg,representative,
A021,Early Dynastic Stone Vessel,G01,Gallery 1 - Early Society,4,prehistoric_early,1st-2nd Dynasty,Vessel,Stone,daily_life;art_statues,3,2,0.3,0.16,1,Hard stone vessels carved by Early Dynastic craftsmen reflect royal workshops and elite funerary gifts.,art_statues;daily_life;stone;vessel,,data/images/A021.jpg,representative,
A022,Animal Figurine of Predynastic Egypt,G01,Gallery 1 - Early Society,4,prehistoric_early,Predynastic,Figurine,Clay and ivory,animals;daily_life,4,2,0.8,0.25,1,"Small animal figures made of clay and ivory hint at early beliefs and the importance of cattle, hippopotami and birds in Nile life.",animals;clay;daily_life;figurine,,data/images/A022.jpg,representative,
A023,Old Kingdom Agricultural Scene Relief,G01,Gallery 1 - Early Society,4,old_kingdom,5th Dynasty,Relief,Limestone,daily_life;animals;art_statues,5,3,0.6,0.35,1,"Painted limestone relief from a tomb chapel shows farming, herding and fishing, everyday work that fed the pyramid-building state.",animals;art_statues;daily_life;limestone;relief,,data/images/A023.jpg,representative,
A024,Statue of the Scribe Mitri,G01,Gallery 1 - Early Society,4,old_kingdom,Old Kingdom,Statue,Painted wood,daily_life;writing_literature;art_statues,6,3,0.6,0.46,1,"A painted wooden statue of the official Mitri, shown as a scribe with a lifelike face, representing the literate administrators who ran Old Kingdom Egypt.",art_statues;daily_life;painted;statue;writing_literature,,data/images/A024.jpg,prototype_app,assets/images/collection5.png
A025,Servant Statuettes Grinding Grain and Brewing Beer,G01,Gallery 1 - Early Society,4,old_kingdom,5th-6th Dynasty,Statuette,Painted wood,daily_life;art_statues,5,3,0.8,0.35,1,"Tiny wooden servants grinding grain, baking bread and brewing beer were placed in tombs to supply the owner with food for eternity.",art_statues;daily_life;painted;statuette,,data/images/A025.jpg,representative,
A026,Burial Equipment of Queen Hetepheres I,G02,Gallery 2 - Early Kingship,4,old_kingdom,"4th Dynasty, c. 2600 BC",Furniture,Gilded wood,royalty;gold_jewelry;mummies_afterlife;discovery_archaeology,8,7,0.6,0.72,1,"Almost complete burial equipment of Queen Hetepheres, mother of Khufu, including gilded furniture and a canopy, found near the Great Pyramid and shown with objects never exhibited before.",discovery_archaeology;furniture;gilded;gold_jewelry;mummies_afterlife;royalty,,data/images/A026.jpg,confirmed_web,
A027,Silver Bracelets of Queen Hetepheres,G02,Gallery 2 - Early Kingship,4,old_kingdom,4th Dynasty,Jewelry,Silver and inlay,gold_jewelry;royalty,6,3,0.5,0.46,1,"Delicate silver bracelets inlaid with colourful stones belonged to the mother of Khufu, showing early royal jewelry design.",gold_jewelry;jewelry;royalty;silver,,data/images/A027.jpg,representative,
A028,Pyramid Builders' Royal Statue Head,G02,Gallery 2 - Early Kingship,4,old_kingdom,4th-5th Dynasty,Statue,Limestone,royalty;art_statues;architecture,6,3,0.5,0.46,1,A carved royal head from the age of the Giza pyramids with the idealised features that expressed the divine kingship of the Old Kingdom.,architecture;art_statues;limestone;royalty;statue,,data/images/A028.jpg,representative,
A029,Early Dynastic King's Name Inscription (Serekh),G02,Gallery 2 - Early Kingship,4,prehistoric_early,Early Dynastic Period,Inscription,Stone,royalty;writing_literature,4,2,0.3,0.25,1,Carved royal names enclosed in the serekh frame show the first appearance of hieroglyphic writing in the service of kingship and state formation.,inscription;royalty;stone;writing_literature,,data/images/A029.jpg,representative,
A030,Pyramid Complex Relief Fragment,G02,Gallery 2 - Early Kingship,4,old_kingdom,5th Dynasty,Relief,Limestone,architecture;royalty;religion_gods,5,3,0.4,0.35,1,Relief fragments from a royal funerary temple depict the king with the gods and give clues to pyramid-complex ritual and decoration.,architecture;limestone;relief;religion_gods;royalty,,data/images/A030.jpg,representative,
A031,Statue of King Pepi I (Copper Statue Type),G02,Gallery 2 - Early Kingship,4,old_kingdom,6th Dynasty,Statue,Copper,royalty;art_statues,5,3,0.4,0.35,1,Metal royal sculpture of the late Old Kingdom demonstrates early copper-working techniques and the continuing importance of royal portraiture.,art_statues;copper;royalty;statue,,data/images/A031.jpg,representative,
A032,Old Kingdom False Door Stela,G03,Gallery 3 - Early Beliefs,4,old_kingdom,5th-6th Dynasty,Funerary,Limestone,mummies_afterlife;religion_gods;writing_literature,6,3,0.4,0.46,1,"A carved false door allowed the spirit of the tomb owner to receive offerings, expressing early beliefs about the afterlife and the cult of the dead.",funerary;limestone;mummies_afterlife;religion_gods;writing_literature,,data/images/A032.jpg,representative,
A033,Pyramid Texts Inscription Fragment,G03,Gallery 3 - Early Beliefs,4,old_kingdom,5th-6th Dynasty,Inscription,Limestone,writing_literature;mummies_afterlife;religion_gods,5,3,0.3,0.35,1,"Spells carved in royal pyramids, the oldest religious texts in the world, guided the dead king to the sky and the company of the gods.",inscription;limestone;mummies_afterlife;religion_gods;writing_literature,,data/images/A033.jpg,representative,
A034,Early Funerary Offering Table,G03,Gallery 3 - Early Beliefs,4,old_kingdom,Old Kingdom,Funerary,Limestone,mummies_afterlife;religion_gods;daily_life,4,2,0.3,0.25,1,"Offering tables carved with bread, beer and meat were set in front of tombs to feed the soul of the deceased for eternity.",daily_life;funerary;limestone;mummies_afterlife;religion_gods,,data/images/A034.jpg,representative,
A035,Predynastic Burial in Contracted Position,G03,Gallery 3 - Early Beliefs,4,prehistoric_early,Predynastic,Funerary,Remains and pottery,mummies_afterlife;discovery_archaeology,5,3,0.4,0.35,1,"A reconstruction of an early grave shows the body naturally preserved in the desert sand, the observation that inspired later mummification.",discovery_archaeology;funerary;mummies_afterlife;remains,,data/images/A035.jpg,representative,
A036,Early Amulets of Animal Gods,G03,Gallery 3 - Early Beliefs,4,old_kingdom,Old Kingdom,Amulet,Faience,religion_gods;animals;mummies_afterlife,4,2,0.7,0.25,1,"Small amulets shaped like falcons, cows and jackals reflect the earliest animal-form deities and the protection they offered the living and the dead.",amulet;animals;faience;mummies_afterlife;religion_gods,,data/images/A036.jpg,representative,
A037,Painted Wooden Soldiers of Mesehti (Egyptian Spearmen),G04,Gallery 4 - Middle Kingdom Society,4,middle_kingdom,"11th Dynasty, c. 2000 BC",Model,Painted wood,war_weapons;daily_life;art_statues,9,6,0.9,0.85,1,"Forty painted wooden Egyptian spearmen from the tomb of the nomarch Mesehti at Asyut, each face unique and each holding a lance and shield, a rare view of the army of the Middle Kingdom.",art_statues;daily_life;model;painted;war_weapons,,data/images/A037.jpg,confirmed_web,
A038,Painted Wooden Nubian Archers of Mesehti,G04,Gallery 4 - Middle Kingdom Society,4,middle_kingdom,"11th Dynasty, c. 2000 BC",Model,Painted wood,war_weapons;daily_life;art_statues,9,5,0.9,0.85,1,"Forty painted Nubian archers from the same tomb accompany the Egyptian spearmen, showing foreign soldiers serving in the Egyptian army.",art_statues;daily_life;model;painted;war_weapons,,data/images/A038.jpg,confirmed_web,
A039,Model of Funerary Boat of Ukhhotep,G04,Gallery 4 - Middle Kingdom Society,4,middle_kingdom,"12th Dynasty, found at Meir in 1885",Model,Painted wood,ships_transport;mummies_afterlife;daily_life,7,4,0.8,0.59,1,"A painted wooden model of a funerary boat discovered at Meir, showing the funeral journey of the nomarch Ukhhotep across the Nile.",daily_life;model;mummies_afterlife;painted;ships_transport,,data/images/A039.jpg,prototype_app,assets/images/collection1.png
A040,Model Workshop of Carpenters and Weavers,G04,Gallery 4 - Middle Kingdom Society,4,middle_kingdom,12th Dynasty,Model,Painted wood,daily_life;art_statues,6,4,0.9,0.46,1,"Tomb models of busy workshops with carpenters, weavers and brewers give a miniature view of craft production in a Middle Kingdom estate.",art_statues;daily_life;model;painted,,data/images/A040.jpg,representative,
A041,Model Granary with Scribes Counting Grain,G04,Gallery 4 - Middle Kingdom Society,4,middle_kingdom,12th Dynasty,Model,Painted wood,daily_life;writing_literature,5,3,0.8,0.35,1,A model granary with scribes recording the harvest shows the bureaucracy and taxation system of the Middle Kingdom.,daily_life;model;painted;writing_literature,,data/images/A041.jpg,representative,
A042,Middle Kingdom Cattle Counting Model,G04,Gallery 4 - Middle Kingdom Society,4,middle_kingdom,11th-12th Dynasty,Model,Painted wood,daily_life;animals,5,3,0.9,0.35,1,A model of the owner inspecting his cattle illustrates wealth measured in livestock and the role of animals in provincial life.,animals;daily_life;model;painted,,data/images/A042.jpg,representative,
A043,Hyksos Scarab Seal Collection,G04,Gallery 4 - Middle Kingdom Society,4,middle_kingdom,Second Intermediate Period,Seal,Steatite,daily_life;writing_literature;discovery_archaeology,4,3,0.4,0.25,1,Scarab seals of Hyksos rulers from the Delta tell the story of foreign kings who governed part of Egypt during the Second Intermediate Period.,daily_life;discovery_archaeology;seal;steatite;writing_literature,,data/images/A043.jpg,confirmed_web,
A044,Portrait of Senusret III,G05,Gallery 5 - Middle Kingdom Kingship,4,middle_kingdom,"12th Dynasty, c. 1878-1839 BC",Statue,Granite,royalty;art_statues,8,4,0.5,0.72,1,"Psychologically realistic portraits of Senusret III show a tired, thoughtful king, a dramatic break from the idealised royal faces of earlier periods.",art_statues;granite;royalty;statue,,data/images/A044.jpg,confirmed_web,
A045,Colossal Granite Statue of Senwosret I from Karnak (GEM 1706),G05,Gallery 5 - Middle Kingdom Kingship,4,middle_kingdom,12th Dynasty,Statue,Granite,royalty;art_statues;religion_gods,8,5,0.6,0.72,1,"A colossal granite statue of Senwosret I from the temple of Karnak stands in the Middle Kingdom galleries, one of the largest royal sculptures of the era.",art_statues;granite;religion_gods;royalty;statue,,data/images/A045.jpg,confirmed_web,
A046,Middle Kingdom Royal Sphinx,G05,Gallery 5 - Middle Kingdom Kingship,4,middle_kingdom,12th Dynasty,Statue,Granite,royalty;animals;art_statues;religion_gods,7,4,0.8,0.59,1,A royal sphinx combining a lion's body with the king's head symbolises royal power guarding the sacred space of the temple.,animals;art_statues;granite;religion_gods;royalty;statue,,data/images/A046.jpg,representative,
A047,Royal Jewelry of a Middle Kingdom Princess,G05,Gallery 5 - Middle Kingdom Kingship,4,middle_kingdom,12th Dynasty,Jewelry,Gold and semi-precious stones,gold_jewelry;royalty,7,4,0.6,0.59,1,"Crowns, pectorals and bracelets of gold inlaid with carnelian and turquoise reveal the high point of Egyptian jewelry production under the Middle Kingdom.",gold;gold_jewelry;jewelry;royalty,,data/images/A047.jpg,representative,
A048,Pyramid Capstone of a Middle Kingdom King,G05,Gallery 5 - Middle Kingdom Kingship,4,middle_kingdom,12th-13th Dynasty,Monument,Granite,architecture;royalty,5,3,0.5,0.35,1,"A carved pyramidion shows that Middle Kingdom kings returned to pyramid building, with decoration of the sun's journey.",architecture;granite;monument;royalty,,data/images/A048.jpg,representative,
A049,Foundation Deposit of a Royal Temple,G05,Gallery 5 - Middle Kingdom Kingship,4,middle_kingdom,12th Dynasty,Deposit,Mixed,architecture;religion_gods;discovery_archaeology,4,3,0.4,0.25,1,"Models, tools and offerings buried under temple walls consecrated new royal buildings.",architecture;deposit;discovery_archaeology;mixed;religion_gods,,data/images/A049.jpg,representative,
A050,Royal Stela Recording Nubian Campaigns,G05,Gallery 5 - Middle Kingdom Kingship,4,middle_kingdom,12th Dynasty,Stela,Granite,war_weapons;royalty;writing_literature,5,3,0.4,0.35,1,A border stela proclaiming the limits of Egyptian territory in Nubia shows the king as a military leader.,granite;royalty;stela;war_weapons;writing_literature,,data/images/A050.jpg,representative,
A051,Middle Kingdom Coffin with Coffin Texts,G06,Gallery 6 - Middle Kingdom Beliefs,4,middle_kingdom,12th Dynasty,Coffin,Painted wood,mummies_afterlife;religion_gods;writing_literature,8,5,0.6,0.72,1,A rectangular wooden coffin painted with eyes and covered in hieroglyphic spells known as Coffin Texts to guide the owner through the underworld.,coffin;mummies_afterlife;painted;religion_gods;writing_literature,,data/images/A051.jpg,confirmed_web,
A052,Mask and Canopic Box of a Middle Kingdom Official,G06,Gallery 6 - Middle Kingdom Beliefs,4,middle_kingdom,12th Dynasty,Funerary,Cartonnage and wood,mummies_afterlife;art_statues,6,3,0.6,0.46,1,A painted funerary mask and canopic box guarded the face and organs of a provincial official on his journey to eternity.,art_statues;cartonnage;funerary;mummies_afterlife,,data/images/A052.jpg,representative,
A053,Osiris Statuette of the Middle Kingdom,G06,Gallery 6 - Middle Kingdom Beliefs,4,middle_kingdom,12th-13th Dynasty,Statuette,Wood,religion_gods;mummies_afterlife,5,3,0.5,0.35,1,"The god Osiris, ruler of the dead, appears in mummiform shape in growing popular devotion during the Middle Kingdom.",mummies_afterlife;religion_gods;statuette;wood,,data/images/A053.jpg,representative,
A054,Poetry and Literature on Papyrus (Middle Kingdom),G06,Gallery 6 - Middle Kingdom Beliefs,4,middle_kingdom,12th Dynasty,Papyrus,Papyrus,writing_literature;daily_life,6,4,0.3,0.46,1,Papyrus fragments of stories and poetry remind visitors that the Middle Kingdom was the classical age of Egyptian literature.,daily_life;papyrus;writing_literature,,data/images/A054.jpg,representative,
A055,Hathor Cow Amulet and Jewelry Set,G06,Gallery 6 - Middle Kingdom Beliefs,4,middle_kingdom,12th Dynasty,Jewelry,Gold and faience,gold_jewelry;religion_gods;animals,6,3,0.6,0.46,1,"Jewelry with a Hathor cow motif combined fashion with divine protection, and was worn by women of the court.",animals;gold;gold_jewelry;jewelry;religion_gods,,data/images/A055.jpg,representative,
A056,Model Boats Sailing to Abydos,G06,Gallery 6 - Middle Kingdom Beliefs,4,middle_kingdom,12th Dynasty,Model,Painted wood,ships_transport;religion_gods;mummies_afterlife,6,3,0.8,0.46,1,"A pair of model boats represents the pilgrimage to Abydos, the cult centre of Osiris, that every Egyptian hoped to make in life or death.",model;mummies_afterlife;painted;religion_gods;ships_transport,,data/images/A056.jpg,representative,
A057,Statue of the Scribe Paramessu (Ramesses I as Vizier),G07,Gallery 7 - New Kingdom Society,4,new_kingdom,18th Dynasty,Statue,Stone,writing_literature;royalty;art_statues,6,4,0.5,0.46,1,"A scribe statue of Paramessu, the vizier who later became King Ramesses I, shows the route from official to founder of the Ramesside dynasty.",art_statues;royalty;statue;stone;writing_literature,,data/images/A057.jpg,confirmed_web,
A058,Statuette of a Falcon,G07,Gallery 7 - New Kingdom Society,4,late_greco_roman,"Late Period, found in 1893",Statuette,Gilt bronze,animals;religion_gods;gold_jewelry,7,3,0.8,0.59,1,"A gilt bronze votive statuette of a hawk discovered in 1893, dedicated to the falcon god Horus.",animals;gilt;gold_jewelry;religion_gods;statuette,,data/images/A058.jpg,prototype_app,assets/images/collection3.png
A059,New Kingdom Domestic Furniture - Stool and Headrest,G07,Gallery 7 - New Kingdom Society,4,new_kingdom,18th Dynasty,Furniture,Wood,daily_life;art_statues,5,3,0.6,0.35,1,"Folding stools, chairs and carved headrests give a close look at the furnishings in the homes of New Kingdom elites.",art_statues;daily_life;furniture;wood,,data/images/A059.jpg,representative,
A060,Cosmetic Box and Mirror of a Noblewoman,G07,Gallery 7 - New Kingdom Society,4,new_kingdom,18th Dynasty,Cosmetics,Wood and bronze,daily_life;gold_jewelry,6,3,0.7,0.46,1,"A cosmetic box with kohl tubes, combs and a polished bronze mirror shows beauty routines in ancient Egypt.",cosmetics;daily_life;gold_jewelry;wood,,data/images/A060.jpg,representative,
A061,Workers' Village Ostraca and Tools,G07,Gallery 7 - New Kingdom Society,4,new_kingdom,19th Dynasty,Tool,Limestone and copper,daily_life;writing_literature;discovery_archaeology,5,3,0.5,0.35,1,"Pottery and limestone fragments with sketches and notes from the workers who built royal tombs reveal their daily life, strikes and humour.",daily_life;discovery_archaeology;limestone;tool;writing_literature,,data/images/A061.jpg,representative,
A062,Amarna Period Relief of a Royal Family,G07,Gallery 7 - New Kingdom Society,4,new_kingdom,"18th Dynasty, Amarna",Relief,Limestone,royalty;religion_gods;art_statues;daily_life,7,4,0.6,0.59,1,"A relief showing a royal family beneath the rays of the sun disc Aten shows the intimate, naturalistic style of the Amarna Period.",art_statues;daily_life;limestone;relief;religion_gods;royalty,,data/images/A062.jpg,representative,
A063,Senet Game Board of the New Kingdom,G07,Gallery 7 - New Kingdom Society,4,new_kingdom,18th Dynasty,Game,Wood and ivory,daily_life,6,3,1.0,0.46,1,"A senet board game, played by all classes and believed to symbolise the journey to the afterlife, can be compared with the one from Tutankhamun's tomb.",daily_life;game;wood,,data/images/A063.jpg,representative,
A064,Statue of Queen Hatshepsut,G08,Gallery 8 - New Kingdom Kingship,4,new_kingdom,"18th Dynasty, c. 1479-1458 BC",Statue,Granite,royalty;art_statues,9,5,0.6,0.85,1,"A statue of Queen Hatshepsut, the woman who ruled as pharaoh, shows her in royal regalia and expresses her claim to kingship.",art_statues;granite;royalty;statue,,data/images/A064.jpg,confirmed_web,
A065,Thutmose III as King and Scribe,G08,Gallery 8 - New Kingdom Kingship,4,new_kingdom,"18th Dynasty, c. 1479-1425 BC",Statue,Stone,royalty;writing_literature;art_statues;war_weapons,7,4,0.5,0.59,1,"A statue of the warrior-king Thutmose III shown with scribal equipment, combining the image of conqueror and learned ruler.",art_statues;royalty;statue;stone;war_weapons;writing_literature,,data/images/A065.jpg,confirmed_web,
A066,Ramesses II Smiting Enemies Relief,G08,Gallery 8 - New Kingdom Kingship,4,new_kingdom,19th Dynasty,Relief,Limestone,royalty;war_weapons;art_statues,6,3,0.7,0.46,1,A relief of the king striking down foreign enemies is the classic image of pharaonic power and propaganda after the battle of Kadesh.,art_statues;limestone;relief;royalty;war_weapons,,data/images/A066.jpg,representative,
A067,Royal Chariot Fittings of Thutmose IV,G08,Gallery 8 - New Kingdom Kingship,4,new_kingdom,18th Dynasty,Chariot,Wood and leather,war_weapons;ships_transport;royalty,6,3,0.8,0.46,1,Chariot fittings show the new technology introduced by the Hyksos that made the New Kingdom army so powerful.,chariot;royalty;ships_transport;war_weapons;wood,,data/images/A067.jpg,representative,
A068,Pharaoh's Khepresh War Crown and Regalia,G08,Gallery 8 - New Kingdom Kingship,4,new_kingdom,18th Dynasty,Regalia,Leather and gold,royalty;war_weapons;gold_jewelry,6,3,0.7,0.46,1,The blue Khepresh crown and royal sceptres illustrate how New Kingdom pharaohs displayed royal and military authority.,gold_jewelry;leather;regalia;royalty;war_weapons,,data/images/A068.jpg,representative,
A069,Diplomatic Amarna Letters Tablet,G08,Gallery 8 - New Kingdom Kingship,4,new_kingdom,18th Dynasty,Tablet,Clay,writing_literature;royalty;daily_life,5,3,0.5,0.35,1,Cuneiform clay tablets of international correspondence show the New Kingdom as a diplomatic great power.,clay;daily_life;royalty;tablet;writing_literature,,data/images/A069.jpg,representative,
A070,Winged Scarab Pectoral,G09,Gallery 9 - New Kingdom Beliefs,4,new_kingdom,New Kingdom,Jewelry,Gold and semi-precious stones,gold_jewelry;religion_gods;mummies_afterlife,8,4,0.7,0.72,1,"A gold pectoral with a winged scarab inlaid with lapis and carnelian, symbol of the rising sun and rebirth, worn or buried to protect the body.",gold;gold_jewelry;jewelry;mummies_afterlife;religion_gods,,data/images/A070.jpg,confirmed_web,
A071,Book of the Dead Papyrus,G09,Gallery 9 - New Kingdom Beliefs,4,new_kingdom,18th-19th Dynasty,Papyrus,Papyrus,mummies_afterlife;writing_literature;religion_gods,8,5,0.6,0.72,1,A painted papyrus with spells of the Book of the Dead and the weighing of the heart ceremony before Osiris.,mummies_afterlife;papyrus;religion_gods;writing_literature,,data/images/A071.jpg,representative,
A072,Set of Shabti Figures,G09,Gallery 9 - New Kingdom Beliefs,4,new_kingdom,19th Dynasty,Shabti,Faience,mummies_afterlife;religion_gods;daily_life,7,3,0.9,0.59,1,Small servant figures called shabtis were meant to work for the deceased in the field of reeds.,daily_life;faience;mummies_afterlife;religion_gods;shabti,,data/images/A072.jpg,representative,
A073,Anthropoid Coffin of a Priest of Amun,G09,Gallery 9 - New Kingdom Beliefs,4,new_kingdom,19th Dynasty,Coffin,Painted wood,mummies_afterlife;religion_gods;art_statues,7,4,0.7,0.59,1,A human-shaped coffin painted with protective gods and a golden face for a priest of Amun at Thebes.,art_statues;coffin;mummies_afterlife;painted;religion_gods,,data/images/A073.jpg,representative,
A074,Canopic Jars with Four Sons of Horus,G09,Gallery 9 - New Kingdom Beliefs,4,new_kingdom,New Kingdom,Funerary,Limestone,mummies_afterlife;religion_gods,6,3,0.6,0.46,1,"Four jars with the heads of Imseti, Hapy, Duamutef and Qebehsenuef guarded the mummified liver, lungs, stomach and intestines.",funerary;limestone;mummies_afterlife;religion_gods,,data/images/A074.jpg,representative,
A075,Statue of the God Amun,G09,Gallery 9 - New Kingdom Beliefs,4,new_kingdom,18th Dynasty,Statue,Granite,religion_gods;art_statues,6,3,0.5,0.46,1,"A statue of Amun, king of the gods and patron of Thebes, associated with state religion and imperial power.",art_statues;granite;religion_gods;statue,,data/images/A075.jpg,representative,
A076,Mummy of a New Kingdom Official,G09,Gallery 9 - New Kingdom Beliefs,4,new_kingdom,New Kingdom,Mummy,Human remains and linen,mummies_afterlife;discovery_archaeology,8,5,0.4,0.72,1,A mummy and its wrappings show how embalmers preserved the body and how modern CT scanning reveals what lies under the linen.,discovery_archaeology;human;mummies_afterlife;mummy,,data/images/A076.jpg,representative,
A077,Heart Scarab of a Noble,G09,Gallery 9 - New Kingdom Beliefs,4,new_kingdom,18th Dynasty,Amulet,Green stone,mummies_afterlife;religion_gods,5,2,0.6,0.35,1,A heart scarab placed on the mummy's chest carried a spell to stop the heart from testifying against its owner in the judgement.,amulet;green;mummies_afterlife;religion_gods,,data/images/A077.jpg,representative,
A078,Golden Burial Mask of Tutankhamun,TUT_4,Tutankhamun - Royal Funerary Equipment (Golden Mask),4,tutankhamun,"18th Dynasty, c. 1323 BC",Mask,Solid gold with semi-precious stones and glass,gold_jewelry;royalty;mummies_afterlife;art_statues,10,10,0.9,1.0,1,"The iconic gold funerary mask of the boy king, lit as the centrepiece of the Tutankhamun galleries, weighing about 11 kg and inlaid with lapis lazuli, quartz and obsidian.",art_statues;gold_jewelry;mask;mummies_afterlife;royalty;solid,,data/images/A078.jpg,confirmed_web,assets/images/tutankhamun_mask.png
A079,Solid Gold Inner Coffin of Tutankhamun,TUT_4,Tutankhamun - Royal Funerary Equipment (Golden Mask),4,tutankhamun,18th Dynasty,Coffin,Solid gold,gold_jewelry;mummies_afterlife;royalty;religion_gods,10,8,0.8,1.0,1,"The innermost of three nested coffins, made of solid gold in the form of the god Osiris, held the mummy of the king.",coffin;gold_jewelry;mummies_afterlife;religion_gods;royalty;solid,,data/images/A079.jpg,confirmed_web,
A080,Middle Coffin of Tutankhamun,TUT_4,Tutankhamun - Royal Funerary Equipment (Golden Mask),4,tutankhamun,18th Dynasty,Coffin,Gilded wood with inlay,mummies_afterlife;gold_jewelry;religion_gods,8,5,0.7,0.72,1,"The middle coffin, covered with gold leaf and inlaid with glass, is part of a stepwise programme of protection and renewal.",coffin;gilded;gold_jewelry;mummies_afterlife;religion_gods,,data/images/A080.jpg,confirmed_web,
A081,Outer Gilded Coffin of Tutankhamun,TUT_4,Tutankhamun - Royal Funerary Equipment (Golden Mask),4,tutankhamun,18th Dynasty,Coffin,Gilded wood,mummies_afterlife;gold_jewelry;religion_gods,8,5,0.7,0.72,1,"The outer coffin, restored before going on view, shows the king as Osiris with feather patterns and protective winged goddesses.",coffin;gilded;gold_jewelry;mummies_afterlife;religion_gods,,data/images/A081.jpg,confirmed_web,
A082,Quartzite Sarcophagus of Tutankhamun,TUT_4,Tutankhamun - Royal Funerary Equipment (Golden Mask),4,tutankhamun,18th Dynasty,Sarcophagus,Quartzite,mummies_afterlife;religion_gods;royalty,7,4,0.6,0.59,1,The stone sarcophagus with goddesses protecting the corners enclosed the three coffins in the burial chamber.,mummies_afterlife;quartzite;religion_gods;royalty;sarcophagus,,data/images/A082.jpg,representative,
A083,Gilded Shrines of Tutankhamun (Nested Shrines),TUT_4,Tutankhamun - Royal Funerary Equipment (Golden Mask),4,tutankhamun,18th Dynasty,Shrine,Gilded wood,mummies_afterlife;religion_gods;gold_jewelry;architecture,8,6,0.7,0.72,1,"A set of gilded wooden shrines nested one inside the other surrounded the sarcophagus, covered in funerary texts and divine figures.",architecture;gilded;gold_jewelry;mummies_afterlife;religion_gods;shrine,,data/images/A083.jpg,confirmed_web,
A084,Canopic Shrine with Four Guardian Goddesses,TUT_4,Tutankhamun - Royal Funerary Equipment (Golden Mask),4,tutankhamun,18th Dynasty,Shrine,Gilded wood,mummies_afterlife;religion_gods;gold_jewelry,9,6,0.7,0.85,1,"A gilded shrine guarded by four goddesses (Isis, Nephthys, Neith and Selket) protects the calcite canopic chest that held the king's organs.",gilded;gold_jewelry;mummies_afterlife;religion_gods;shrine,,data/images/A084.jpg,confirmed_web,
A085,Miniature Gold Canopic Coffins,TUT_4,Tutankhamun - Royal Funerary Equipment (Golden Mask),4,tutankhamun,18th Dynasty,Funerary,Gold and inlay,mummies_afterlife;gold_jewelry;religion_gods,8,4,0.7,0.72,1,"Four miniature coffins of gold inside the alabaster canopic chest contained the king's embalmed internal organs, among the most delicate objects in the collection.",funerary;gold;gold_jewelry;mummies_afterlife;religion_gods,,data/images/A085.jpg,confirmed_web,
A086,Golden Throne of Tutankhamun,TUT_1,Tutankhamun - Identity of the King,4,tutankhamun,18th Dynasty,Furniture,"Gilded wood, silver, glass paste",royalty;gold_jewelry;art_statues;daily_life,10,7,0.9,1.0,1,"The gilded wooden throne, with a backrest showing Queen Ankhesenamun anointing the king, is one of the finest examples of royal furniture ever found.",art_statues;daily_life;furniture;gilded;gold_jewelry;royalty,,data/images/A086.jpg,confirmed_web,
A087,Six Chariots of Tutankhamun,TUT_3,Tutankhamun - Daily Life & Personal Possessions,4,tutankhamun,18th Dynasty,Chariot,"Wood, gold leaf, leather",war_weapons;ships_transport;royalty,9,7,0.9,0.85,1,"Six complete but dismantled chariots with different wheels and lashings, including golden ceremonial vehicles, show the king's role as warrior and hunter.","chariot;royalty;ships_transport;war_weapons;wood,",,data/images/A087.jpg,confirmed_web,
A088,Shields and Ceremonial Daggers of Tutankhamun,TUT_3,Tutankhamun - Daily Life & Personal Possessions,4,tutankhamun,18th Dynasty,Weapon,"Gold, iron, wood",war_weapons;royalty;gold_jewelry,9,6,0.8,0.85,1,"Court and combat gear including shields and two daggers, one with an iron blade made from meteoritic metal.","gold,;gold_jewelry;royalty;war_weapons;weapon",,data/images/A088.jpg,confirmed_web,
A089,Painted Chest with War and Hunting Scenes,TUT_3,Tutankhamun - Daily Life & Personal Possessions,4,tutankhamun,18th Dynasty,Furniture,Painted wood,war_weapons;animals;royalty;art_statues,7,4,0.8,0.59,1,"A wooden chest painted with the king triumphing over Nubians and Asiatics and hunting wild animals, a rare example of royal painting.",animals;art_statues;furniture;painted;royalty;war_weapons,,data/images/A089.jpg,representative,
A090,Ceremonial Bows and Arrows of Tutankhamun,TUT_3,Tutankhamun - Daily Life & Personal Possessions,4,tutankhamun,18th Dynasty,Weapon,Wood and gold,war_weapons;royalty,6,3,0.7,0.46,1,Bows decorated with gold and bark show the king's training in archery.,royalty;war_weapons;weapon;wood,,data/images/A090.jpg,representative,
A091,Golden Fan and Ostrich Feather Fan,TUT_3,Tutankhamun - Daily Life & Personal Possessions,4,tutankhamun,18th Dynasty,Regalia,Gold and feathers,gold_jewelry;royalty;animals;daily_life,6,3,0.8,0.46,1,A golden fan with ostrich feather remains records a hunt in the desert and the king's royal image.,animals;daily_life;gold;gold_jewelry;regalia;royalty,,data/images/A091.jpg,representative,
A092,Tutankhamun's Senet and Game Boxes,TUT_3,Tutankhamun - Daily Life & Personal Possessions,4,tutankhamun,18th Dynasty,Game,Ebony and ivory,daily_life;royalty,7,4,1.0,0.59,1,Game boxes for senet and related board games used for leisure and symbolic of the soul's journey.,daily_life;ebony;game;royalty,,data/images/A092.jpg,representative,
A093,Child's Chair and Personal Furniture of the King,TUT_3,Tutankhamun - Daily Life & Personal Possessions,4,tutankhamun,18th Dynasty,Furniture,Wood and ivory,daily_life;royalty,6,3,0.9,0.46,1,"Chairs, stools and headrests, some from the king's childhood, provide a human view of the pharaoh's daily life.",daily_life;furniture;royalty;wood,,data/images/A093.jpg,representative,
A094,Linen Clothing and Gold Sandals of Tutankhamun,TUT_3,Tutankhamun - Daily Life & Personal Possessions,4,tutankhamun,18th Dynasty,Textile,Linen and gold,daily_life;gold_jewelry;royalty,7,4,0.7,0.59,1,"Tunics, gloves and gold sandals show what the king wore, and how fine linen and gold were combined in royal dress.",daily_life;gold_jewelry;linen;royalty;textile,,data/images/A094.jpg,representative,
A095,Silver Trumpet of Tutankhamun,TUT_3,Tutankhamun - Daily Life & Personal Possessions,4,tutankhamun,18th Dynasty,Instrument,Silver and gold,daily_life;war_weapons;royalty,6,3,0.9,0.46,1,"One of two trumpets found in the tomb, played in religious and military ceremony.",daily_life;instrument;royalty;silver;war_weapons,,data/images/A095.jpg,representative,
A096,Pectoral with Winged Scarab of Tutankhamun,TUT_4,Tutankhamun - Royal Funerary Equipment (Golden Mask),4,tutankhamun,18th Dynasty,Jewelry,"Gold, silver, semi-precious stones",gold_jewelry;religion_gods;royalty,9,4,0.7,0.85,1,"A pectoral with a scarab bearing the sun disc in lapis and carnelian, one of many pieces of royal jewelry from the king's treasury.","gold,;gold_jewelry;jewelry;religion_gods;royalty",,data/images/A096.jpg,representative,
A097,Anubis Shrine with Jackal on Sled,TUT_4,Tutankhamun - Royal Funerary Equipment (Golden Mask),4,tutankhamun,18th Dynasty,Shrine,Gilded wood and ebony,animals;mummies_afterlife;religion_gods,8,4,0.9,0.72,1,A black jackal figure on a gilded shrine guarded the treasury and the entrance to the realm of the dead.,animals;gilded;mummies_afterlife;religion_gods;shrine,,data/images/A097.jpg,representative,
A098,Guardian Statues of the King (Sentinels),TUT_2,Tutankhamun - Discovery of the Tomb,4,tutankhamun,18th Dynasty,Statue,"Wood, bitumen, gold leaf",royalty;art_statues;religion_gods;discovery_archaeology,8,4,0.8,0.72,1,Two life-size black and gold statues stood on either side of the burial chamber entrance as protectors of the king.,"art_statues;discovery_archaeology;religion_gods;royalty;statue;wood,",,data/images/A098.jpg,representative,
A099,Howard Carter's Excavation Archive and Photographs,TUT_2,Tutankhamun - Discovery of the Tomb,4,tutankhamun,1922,Archive,Paper and glass plate,discovery_archaeology;writing_literature,7,5,0.5,0.59,1,"Carter's notes, drawings and photographs tell the story of the discovery of KV62 in 1922 and the ten years it took to clear the tomb.",archive;discovery_archaeology;paper;writing_literature,,data/images/A099.jpg,representative,
A100,Tomb Entrance Seals and Tomb Reconstruction,TUT_2,Tutankhamun - Discovery of the Tomb,4,tutankhamun,1922,Reconstruction,Mixed,discovery_archaeology;architecture;mummies_afterlife,7,5,0.8,0.59,1,"Reconstructions of the antechamber, annex, burial chamber and treasury of KV62 show how the tomb looked when Howard Carter first entered.",architecture;discovery_archaeology;mixed;mummies_afterlife;reconstruction,,data/images/A100.jpg,confirmed_web,
A101,Family Tree and Identity of Tutankhamun,TUT_1,Tutankhamun - Identity of the King,4,tutankhamun,18th Dynasty,Display,Digital and stone,royalty;discovery_archaeology,6,4,0.5,0.46,1,"A section on his name, parents and possible family tree, including Akhenaten, Nefertiti and Ankhesenamun.",digital;discovery_archaeology;display;royalty,,data/images/A101.jpg,confirmed_web,
A102,Golden Bed in the Form of Cow Goddess,TUT_5,Tutankhamun - Rebirth & the Afterlife,4,tutankhamun,18th Dynasty,Furniture,Gilded wood,religion_gods;animals;mummies_afterlife;gold_jewelry,7,4,0.8,0.59,1,"A ceremonial bed in the shape of a cow, possibly linked with Hathor or Mehetweret, used in rebirth ritual.",animals;furniture;gilded;gold_jewelry;mummies_afterlife;religion_gods,,data/images/A102.jpg,representative,
A103,Ushabti Figures of Tutankhamun,TUT_5,Tutankhamun - Rebirth & the Afterlife,4,tutankhamun,18th Dynasty,Shabti,"Wood, calcite, faience",mummies_afterlife;religion_gods,7,4,0.8,0.59,1,More than four hundred servant figures to do the king's work in the afterlife.,"mummies_afterlife;religion_gods;shabti;wood,",,data/images/A103.jpg,representative,
A104,Calcite Wishing Cup of Tutankhamun,TUT_5,Tutankhamun - Rebirth & the Afterlife,4,tutankhamun,18th Dynasty,Vessel,Calcite,art_statues;writing_literature;religion_gods,6,3,0.6,0.46,1,A lotus-shaped alabaster cup with inscriptions wishing the king millions of years of life.,art_statues;calcite;religion_gods;vessel;writing_literature,,data/images/A104.jpg,representative,
A105,Golden Shrine of Hathor Goddess Statue,TUT_5,Tutankhamun - Rebirth & the Afterlife,4,tutankhamun,18th Dynasty,Shrine,Gilded wood,religion_gods;animals;gold_jewelry,6,3,0.7,0.46,1,A gilded statue of a deity protecting the king on his journey into the afterlife.,animals;gilded;gold_jewelry;religion_gods;shrine,,data/images/A105.jpg,representative,
A106,Tutankhamun's Alabaster Lamps and Vessels,TUT_5,Tutankhamun - Rebirth & the Afterlife,4,tutankhamun,18th Dynasty,Vessel,Alabaster,daily_life;art_statues,5,3,0.6,0.35,1,Translucent calcite vessels and lamps carved with floral decoration were used to light the tomb and hold ritual oils.,alabaster;art_statues;daily_life;vessel,,data/images/A106.jpg,representative,
A107,Tutankhamun Statue as Harpooner on a Papyrus Raft,TUT_5,Tutankhamun - Rebirth & the Afterlife,4,tutankhamun,18th Dynasty,Statue,Gilded wood,royalty;animals;ships_transport;religion_gods,6,3,0.9,0.46,1,"The king stands on a papyrus raft in a harpooner pose, symbolically defeating chaos.",animals;gilded;religion_gods;royalty;ships_transport;statue,,data/images/A107.jpg,representative,
A108,Late Period Bronze Statuette of a Cat Goddess,G10,Gallery 10 - Late Period Society,4,late_greco_roman,Late Period,Statuette,Bronze,animals;religion_gods;art_statues,7,3,1.0,0.59,1,Votive bronzes of cats dedicated to Bastet were made in thousands during the Late Period by pilgrims.,animals;art_statues;bronze;religion_gods;statuette,,data/images/A108.jpg,representative,
A109,Persian-Period Seal and Administrative Documents,G10,Gallery 10 - Late Period Society,4,late_greco_roman,27th Dynasty,Seal,Stone and papyrus,writing_literature;daily_life,4,3,0.3,0.25,1,Seals and demotic documents show how Egyptians lived under Persian rule.,daily_life;seal;stone;writing_literature,,data/images/A109.jpg,representative,
A110,Kushite King Portrait Head (25th Dynasty),G10,Gallery 10 - Late Period Society,4,late_greco_roman,25th Dynasty,Statue,Stone,royalty;art_statues,6,3,0.5,0.46,1,"A portrait of a Nubian pharaoh wearing the double uraeus, the symbol of the Kushite kings of Egypt and Nubia.",art_statues;royalty;statue;stone,,data/images/A110.jpg,representative,
A111,Late Period Household Items and Jewelry,G10,Gallery 10 - Late Period Society,4,late_greco_roman,Late Period,Jewelry,Faience and glass,daily_life;gold_jewelry,4,3,0.5,0.25,1,Household objects and bead jewelry from a Late Period town give insight into everyday life.,daily_life;faience;gold_jewelry;jewelry,,data/images/A111.jpg,representative,
A112,Egyptian Priests' Statues in Realistic Style,G10,Gallery 10 - Late Period Society,4,late_greco_roman,Late Period,Statue,Greywacke,religion_gods;art_statues;daily_life,5,3,0.4,0.35,1,Realistic statues of priests with shaved heads and lifelike faces show a revival of older art.,art_statues;daily_life;greywacke;religion_gods;statue,,data/images/A112.jpg,representative,
A113,Dendera Treasure Hoard - Gold and Silver Falcon,G11,Gallery 11 - Late Period Kingship,4,late_greco_roman,Late/Ptolemaic Period,Statuette,Gold and silver,gold_jewelry;animals;religion_gods,9,5,0.8,0.85,1,"A hollow falcon made of gold and silver from the Dendera treasure hoards, hidden in the temple perhaps by priests; it may once have contained a mummified bird.",animals;gold;gold_jewelry;religion_gods;statuette,,data/images/A113.jpg,confirmed_web,
A114,Dendera Treasure Hoard - Outer Falcon Coffin,G11,Gallery 11 - Late Period Kingship,4,late_greco_roman,Late/Ptolemaic Period,Coffin,Gilded wood,animals;mummies_afterlife;religion_gods;gold_jewelry,7,4,0.8,0.59,1,The 60 cm tall outer coffin of a falcon from the Dendera treasure shows how sacred animals were buried.,animals;coffin;gilded;gold_jewelry;mummies_afterlife;religion_gods,,data/images/A114.jpg,confirmed_web,
A115,Dendera Treasure Hoard - Sacred Ritual Vessels,G11,Gallery 11 - Late Period Kingship,4,late_greco_roman,Late/Ptolemaic Period,Vessel,Silver and gold,gold_jewelry;religion_gods,6,3,0.5,0.46,1,Ritual vessels from the temple hoard of Dendera illustrate the wealth of the temple and its priests.,gold_jewelry;religion_gods;silver;vessel,,data/images/A115.jpg,confirmed_web,
A116,Statue of a Ptolemaic King in Egyptian Dress,G11,Gallery 11 - Late Period Kingship,4,late_greco_roman,Ptolemaic Period,Statue,Granite,royalty;art_statues,6,3,0.5,0.46,1,A Greek pharaoh shown as a traditional Egyptian king with nemes headcloth.,art_statues;granite;royalty;statue,,data/images/A116.jpg,representative,
A117,Kushite Royal Objects of the 25th Dynasty,G11,Gallery 11 - Late Period Kingship,4,late_greco_roman,25th Dynasty,Regalia,Bronze and faience,royalty;war_weapons;gold_jewelry,5,3,0.4,0.35,1,Royal objects from the Nubian pharaohs who ruled Egypt and reunited the Nile Valley.,bronze;gold_jewelry;regalia;royalty;war_weapons,,data/images/A117.jpg,representative,
A118,Rosetta-Style Decree Stela (Ptolemaic),G11,Gallery 11 - Late Period Kingship,4,late_greco_roman,Ptolemaic Period,Stela,Granodiorite,writing_literature;royalty;religion_gods,7,4,0.5,0.59,1,"A priestly decree in hieroglyphic, demotic and Greek, the multilingual administration of Greek-ruled Egypt.",granodiorite;religion_gods;royalty;stela;writing_literature,,data/images/A118.jpg,representative,
A119,Adult Crocodile Mummy,G12,Gallery 12 - Greco-Roman Beliefs,4,late_greco_roman,Graeco-Roman Period,Mummy,Mummified animal and linen,animals;mummies_afterlife;religion_gods,9,4,1.0,0.85,1,"A full-size adult crocodile mummy in contrast to most crocodile mummies that are of baby animals, dedicated to the crocodile god Sobek.",animals;mummies_afterlife;mummified;mummy;religion_gods,,data/images/A119.jpg,confirmed_web,
A120,Fayum Mummy Portrait,G12,Gallery 12 - Greco-Roman Beliefs,4,late_greco_roman,Roman Period,Portrait,Wood and encaustic,art_statues;mummies_afterlife;daily_life,8,4,0.7,0.72,1,"A realistic painted portrait attached to a mummy from the Roman Period, blending Greek painting with Egyptian burial customs.",art_statues;daily_life;mummies_afterlife;portrait;wood,,data/images/A120.jpg,representative,
A121,Statue of the Goddess Isis in Greco-Roman Style,G12,Gallery 12 - Greco-Roman Beliefs,4,late_greco_roman,Roman Period,Statue,Marble,religion_gods;art_statues,7,3,0.5,0.59,1,"Isis, worshipped across the Roman Empire, appears in a statue that merges Egyptian and Greek forms.",art_statues;marble;religion_gods;statue,,data/images/A121.jpg,representative,
A122,"Animal Mummies: Ibis, Cat and Falcon",G12,Gallery 12 - Greco-Roman Beliefs,4,late_greco_roman,Late to Roman Period,Mummy,Animal remains and linen,animals;mummies_afterlife;religion_gods,8,4,1.0,0.72,1,"Mummified ibis, cats and falcons were offerings to gods such as Thoth, Bastet and Horus.",animal;animals;mummies_afterlife;mummy;religion_gods,,data/images/A122.jpg,representative,
A123,Roman-Period Painted Shroud,G12,Gallery 12 - Greco-Roman Beliefs,4,late_greco_roman,Roman Period,Textile,Linen,mummies_afterlife;art_statues;religion_gods,5,3,0.5,0.35,1,"A painted burial shroud with the deceased beside Osiris and Anubis, showing continuing funerary belief.",art_statues;linen;mummies_afterlife;religion_gods;textile,,data/images/A123.jpg,representative,
A124,Roman Mummy with Gilded Mask,G12,Gallery 12 - Greco-Roman Beliefs,4,late_greco_roman,Roman Period,Mummy,Human remains and cartonnage,mummies_afterlife;gold_jewelry;religion_gods,7,4,0.5,0.59,1,"A mummy decorated with a gilded cartonnage mask and elaborate wrapping, typical of Roman Egypt.",gold_jewelry;human;mummies_afterlife;mummy;religion_gods,,data/images/A124.jpg,representative,
A125,Serapis Statue,G12,Gallery 12 - Greco-Roman Beliefs,4,late_greco_roman,Ptolemaic-Roman Period,Statue,Marble,religion_gods;art_statues,5,3,0.4,0.35,1,"The Greco-Egyptian god Serapis, created under the Ptolemies to unite two religions.",art_statues;marble;religion_gods;statue,,data/images/A125.jpg,representative,
A126,Coptic-Roman Funerary Stela,G12,Gallery 12 - Greco-Roman Beliefs,4,late_greco_roman,Roman Period,Stela,Limestone,mummies_afterlife;religion_gods;writing_literature,4,3,0.3,0.25,1,A funerary stela shows the late phase of ancient Egyptian belief as new religions arrived.,limestone;mummies_afterlife;religion_gods;stela;writing_literature,,data/images/A126.jpg,representative,
