a,b,kind,length_m,levels
ENTRANCE,TICKETS,walk,35.0,0
TICKETS,GRAND_HALL,walk,45.0,0
GRAND_HALL,RESTROOM_0,walk,60.8,0
GRAND_HALL,ELV_W_0,walk,41.2,0
GRAND_HALL,ELV_E_0,walk,51.0,0
GRAND_HALL,CAFE,walk,85.4,0
GRAND_HALL,SHOP,walk,85.4,0
GRAND_HALL,CHILDREN,walk,92.2,0
GRAND_HALL,GS_0,walk,50.0,0
GRAND_HALL,STAIR_LOWER,walk,22.4,0
CAFE,CHILDREN,walk,44.7,0
ENTRANCE,GARDEN,outdoor,99.0,0
GARDEN,SHOP,outdoor,104.8,0
GARDEN,BOATS,outdoor,128.7,0
SHOP,BOATS,outdoor,79.1,0
ELV_E_0,BOATS,outdoor,117.7,0
GS_0,GS_1,stairs,40.0,1
GS_1,GS_2,stairs,40.0,1
GS_2,GS_3,stairs,40.0,1
GS_3,GS_TOP,stairs,40.0,1
ELV_W_-1,ELV_W_0,elevator,12.0,1
ELV_W_0,ELV_W_1,elevator,12.0,1
ELV_W_1,ELV_W_2,elevator,12.0,1
ELV_W_2,ELV_W_3,elevator,12.0,1
ELV_W_3,ELV_W_4,elevator,12.0,1
ELV_E_-1,ELV_E_0,elevator,12.0,1
ELV_E_0,ELV_E_1,elevator,12.0,1
ELV_E_1,ELV_E_2,elevator,12.0,1
ELV_E_2,ELV_E_3,elevator,12.0,1
ELV_E_3,ELV_E_4,elevator,12.0,1
ELV_W_1,GS_1,walk,41.2,0
ELV_E_1,GS_1,walk,51.0,0
ELV_W_2,GS_2,walk,41.2,0
ELV_E_2,GS_2,walk,51.0,0
ELV_W_3,GS_3,walk,41.2,0
ELV_E_3,GS_3,walk,51.0,0
ELV_W_4,GS_TOP,walk,67.1,0
ELV_E_4,GS_TOP,walk,67.1,0
RESTROOM_4,GS_TOP,walk,35.0,0
ELV_W_-1,CAVE_1,walk,22.4,0
ELV_E_-1,CAVE_4,walk,26.9,0
CAVE_1,CAVE_2,walk,45.0,0
CAVE_2,CAVE_3,walk,45.0,0
CAVE_3,CAVE_4,walk,45.0,0
STAIR_LOWER_-1,CAVE_3,walk,22.4,0
STAIR_LOWER,STAIR_LOWER_-1,stairs,18.0,1
G01,G02,walk,80.0,0
G01,G04,walk,60.0,0
G02,G03,walk,80.0,0
G02,G05,walk,60.0,0
G03,G06,walk,60.0,0
G04,G05,walk,80.0,0
G04,G07,walk,60.0,0
G05,G06,walk,80.0,0
G05,G08,walk,60.0,0
G06,G09,walk,60.0,0
G07,G08,walk,80.0,0
G07,G10,walk,60.0,0
G08,G09,walk,80.0,0
G08,G11,walk,60.0,0
G09,G12,walk,60.0,0
G10,G11,walk,80.0,0
G11,G12,walk,80.0,0
GS_TOP,G01,walk,80.0,0
ELV_W_4,G04,walk,50.0,0
RESTROOM_4,G04,walk,83.8,0
GS_TOP,TUT_1,walk,80.0,0
TUT_1,TUT_2,walk,60.0,0
TUT_2,TUT_3,walk,60.0,0
TUT_3,TUT_4,walk,60.0,0
TUT_4,TUT_5,walk,60.0,0
ELV_E_4,TUT_5,walk,110.0,0
